angDist,_RAJ2000,_DEJ2000,GaiaEDR3,RA_ICRS,DE_ICRS,GLON,GLAT,Plx,GMAG,Gmag,BP-RP,E(BP/RP)c,pmRA,pmDE,RUWE,Rpm,f_Plx,f_pm,_RA.icrs,_DE.icrs,_RAJ2000.1,_DEJ2000.1,recno,CATS,Name,RAJ2000,DEJ2000,Type1,Type2,Orb.Per,Outburst,SpType2,SpType1,Source,rest,plx,pmRA.1,pmDE.1,Gmag.1,GMAG.1,BPmag,RPmag,Teff,Type
0.103316,146.6436241671603,13.8493740345942,614650192750888320,146.64362416716,13.84937403459,220.51403344602303,44.99680915702126,0.7524233751052177,6.347115091005559,16.964804,0.48034668,0.1495009650450178,-0.7306352139337519,-6.169622132378282,1.0572281,10.931217546514585,1,0,146.64362416716,13.84937403459,146.6436272027491,13.8494025818547,1086,CATS,HY Leo,146.6436272027491,13.8494025818547,NL,IP,0.18416,,,,614650192750888320,1151.31225330059,0.8223,-0.659,-6.43,17.259863,6.953897365804069,17.236612,16.642519,,Catacalysmic Variables
0.020953,151.1446750233934,66.4875112786159,1066429869812792576,151.14467502339,66.48751127862,144.2488148171497,43.09146878570492,0.9975008591687682,5.191984605020867,15.197418,0.31647873,0.0239322551772105,-1.23674270438801,-0.5240576203735836,0.9991394,5.838111250320479,1,0,151.14467502339,66.48751127862,151.144688206456,66.48751377183751,973,CATS,LN UMa,151.144688206456,66.4875137718375,NL,VY,0.1444,,,,1066429869812792576,942.995372101992,1.0309,-1.182,-0.562,15.164217,5.291669193129373,15.230137,14.951674,8627.0,Catacalysmic Variables
0.107835,259.6541461093315,41.2642353347443,1347992635655772672,259.65414610933,41.26423533474,66.12224759023968,34.35603559306351,0.9301302083376386,3.9500605134509534,14.107342,0.13054371,0.0133560241589407,-3.438908849845912,5.789272730274544,1.0641041,8.248588114280945,1,0,259.65414610933,41.26423533474,259.6541664175007,41.2642095620397,923,CATS,V825 Her,259.6541664175007,41.2642095620397,NL,,0.206,,,,1347992635655772672,1046.00060013976,0.9273,-3.437,5.803,14.121267,4.023607331467474,14.11887,14.017458,9643.5,Catacalysmic Variables
0.184214,159.9998507368889,-47.0239527356993,5366164442080271232,159.99985073689,-47.0239527357,280.8618204042387,10.137589126010909,0.7153493247515256,5.558826667030258,16.286236,0.32668114,0.0107038047913823,-10.89759362783521,3.633334180948419,1.0238575,11.587330650512744,1,0,159.99985073689,-47.0239527357,159.99992193884094,-47.02396893731041,193,CATS,J1040-4701,159.9999219388409,-47.0239689373104,NL,,0.1577,,,,5366164442080271232,1564.87134314712,0.6121,-10.921,3.648,16.222904,5.250510812179037,16.277647,15.984887,8867.0,Catacalysmic Variables
0.195444,83.7106793781076,-58.0279742383271,4766218190119756928,83.71067937811,-58.02797423833,266.42346801510325,-32.778710258822834,2.3344219332174148,6.037471939851915,14.196576,0.27114487,-0.0113301947592403,-11.466665753201172,3.616433596761163,0.9814647,9.596718295954624,1,0,83.71067937811,-58.02797423833,83.7107769628706,-58.0279908948554,261,CATS,TW Pic,83.7107769628706,-58.0279908948554,NL,VY,0.265,,,,4766218190119756928,432.400928147501,2.2839,-11.632,3.745,14.23388,6.0544469125285865,14.277342,14.042448,9111.33,Catacalysmic Variables
0.102416,15.2871276226193,43.3904713547154,376390390994395904,15.28712762262,43.39047135472,124.8025596375462,-19.4460056455676,1.1412684625535834,4.833436426358436,14.546498,0.067020416,-0.0080441932572146,2.4708220075449554,-5.9042544716050935,1.1776415,8.577534611695791,1,0,15.28712762262,43.39047135472,15.2871124254452,43.3904975726701,1139,CATS,IW And,15.2871124254452,43.3904975726701,DN,ZC,0.155,,,,376390390994395904,816.928555333144,1.1975,2.492,-5.903,15.047071,5.486150615632411,15.08777,14.784702,8472.67,Catacalysmic Variables
0.261347,89.302210989722,-59.5904783798627,4764871219656633600,89.30221098972,-59.59047837986,268.3374044681173,-29.924398405405874,1.7185493757576864,5.391275617636609,14.2154665,0.14068413,0.0218085883889884,-9.514355881224946,13.148152208224127,1.0075692,10.266991878327104,1,0,89.30221098972,-59.59047837986,89.3022941931723,-59.5905375109837,262,CATS,AH Pic,89.3022941931723,-59.5905375109837,NL,UX,0.14095,,,,4764871219656633600,566.690949801857,1.7359,-9.475,13.303,14.203608,5.436876615480527,14.190896,14.097088,9593.0,Catacalysmic Variables
0.150614,82.3690885644957,-58.9127881452616,4760105592664097280,82.3690885645,-58.91278814526,267.49842028211475,-33.4602283593718,1.0858680842071886,4.271990658905597,14.093105,0.043917656,-0.0049588416813661,-1.8120414525245845,9.196249423920053,0.93835133,8.952515205593723,1,0,82.3690885645,-58.91278814526,82.36910449534471,-58.9128291659767,263,CATS,BB Dor,82.3691044953447,-58.9128291659767,NL,SW,0.154095,,M3-4/5,,4760105592664097280,896.135157926345,1.0871,-1.852,9.228,14.099877,4.338009418682454,14.05592,14.053112,9365.0,Catacalysmic Variables
0.048355,122.2849678771013,38.2350678451403,908714959852556672,122.2849678771,38.23506784514,182.7001640258973,30.97736524156961,0.8153021146971096,4.793931863678719,15.23734,0.13522148,0.0080576201174544,-1.6790466704761264,2.381845965011496,0.9750417,7.55991363527983,1,0,122.2849678771,38.23506784514,122.28497821640111,38.2350571462982,1006,CATS,J0809+3814,122.2849782164011,38.2350571462982,NL,SW,0.133616,,,,908714959852556672,1222.23771283406,0.7863,-1.83,2.406,15.226253,4.790474600041186,15.176142,15.09177,9515.0,Catacalysmic Variables
0.072441,13.8327155293178,46.2158103019948,378056288551565824,13.83271552932,46.21581030199,123.63480093914929,-16.650626734180147,1.0441436875554102,4.859762029691211,14.76596,0.115076065,0.0063816229365678,-0.9765575178682766,-4.3966040967391,0.93085486,8.033833532937876,1,0,13.83271552932,46.21581030199,13.832721426752,46.2158300064498,1138,CATS,V515 And,13.832721426752,46.2158300064498,NL,IP,0.113795,,,,378056288551565824,978.443463031348,0.9937,-0.913,-4.435,14.77328,4.820601319640955,14.735647,14.663692,9579.5,Catacalysmic Variables
0.078985,120.5641424415629,40.1797413673738,921311411737108480,120.56414244156,40.17974136737,180.17626352939047,30.064982310385783,0.7509373316462282,6.015242672982049,16.637224,0.29498863,0.0218628545822663,3.4019562814767914,-3.735874185736577,1.0469139,10.154853844829429,1,0,120.56414244156,40.17974136737,120.5641231974236,40.17975765242141,1003,CATS,0758+4019,120.5641231974236,40.1797576524214,NL,,0.1539,,,,921311411737108480,1228.83533544037,0.7781,3.305,-3.663,16.65357,6.2061015444805925,16.677412,16.420788,9283.5,Catacalysmic Variables
0.037897,88.0324309804319,-5.4168276911134,3022568258011201024,88.03243098043,-5.41682769111,211.0185383103728,-15.651056883352505,2.8692872155682108,6.137098571025728,13.8482275,0.46863556,0.0115914881057888,-0.732946682225353,-2.2495138118568097,1.5044831,5.718218255828022,1,0,88.03243098043,-5.41682769111,88.0324335463479,-5.4168174787225,621,CATS,CN Ori,88.0324335463479,-5.4168174787225,DN,UG,0.163199,,M4/5,,3022568258011201024,348.237825035404,2.8436,-0.577,-2.306,13.708363,5.998983291424096,13.79874,13.30541,7182.5,Catacalysmic Variables
0.040588,136.1729292109488,-32.3798612516056,5628258258606112768,136.17292921095,-32.37986125161,257.20716513189205,9.706729592417709,0.3467416739389363,3.3775776621649314,15.677548,0.17337418,0.0280562055577957,-2.486475761924061,0.1516815604316533,1.0227855,7.659501430569353,1,0,136.17292921095,-32.37986125161,136.1729425284315,-32.3798620403259,165,CATS,T Pyx,136.1729425284315,-32.3798620403259,Nr,SS,0.076223,1902.0,,,5628258258606112768,2926.40077374287,0.3051,-2.531,0.177,15.667135,3.3354659851990576,15.645676,15.503755,9429.75,Catacalysmic Variables
0.810384,296.9190511231953,-42.0075134776764,6688624794231054976,296.9190511232,-42.00751347768,357.4764792519783,-27.762658865276705,7.7534780276882,4.671481825902919,10.223999,0.11807537,0.0053986593516783,30.10282737078344,-40.83772267691573,1.0572777,8.750478055501857,1,0,296.9190511232,-42.00751347768,296.9188706363979,-42.0073326823317,26,CATS,V3885 Sgr,296.9188706363979,-42.0073326823317,NL,UX,0.207161,,,,6688624794231054976,132.197660613869,7.537,30.176,-40.657,10.250888,4.644769150555872,10.28064,10.158513,9612.0,Catacalysmic Variables
0.284639,161.8147156443962,-79.4685227586091,5199087877799046272,161.8147156444,-79.46852275861,297.24418306260503,-17.995013521016812,1.4137984882159074,5.092723544882414,14.340785,0.20859528,0.1945996836755528,-13.783539172396733,11.198597287123627,0.95658404,10.587921213883025,1,0,161.8147156444,-79.46852275861,161.8150514420572,-79.4685726038667,226,CATS,ST Cha,161.8150514420572,-79.4685726038667,DN,ZC,0.285,,,,5199087877799046272,701.103025297317,1.3979,-13.804,11.216,14.54844,5.319530794399931,14.504445,14.118475,6887.91,Catacalysmic Variables
0.151851,310.5847684787811,19.1608767642022,1813953083546374144,310.58476847878,19.1608767642,63.43039187370074,-13.972117964486324,1.115764778128191,2.5224358398806253,12.284572,0.053637505,0.0140920938349777,-2.1718833251316023,-9.33031689090435,0.9616152,7.191346806505065,1,0,310.58476847878,19.1608767642,310.5847781402205,19.1609179459986,851,CATS,HR Del,310.5847781402205,19.1609179459986,Nb,,0.214165,1967.0,,,1813953083546374144,932.293973696059,1.0448,-2.048,-9.245,12.309835,2.462070615144881,12.26825,12.24677,9545.5,Catacalysmic Variables
0.07636,98.9002961101836,-62.6400966219342,5477422099543150592,98.90029611018,-62.64009662193,272.3549696834938,-25.67190786435953,1.9956929629271127,3.925002473732153,12.424533,0.012602806,0.0080931514566484,3.4635286540408687,-3.5389432254457334,1.1019756,5.898341658094877,1,0,98.90029611018,-62.64009662193,98.90026414475471,-62.640081321874206,180,CATS,RR Pic,98.9002641447547,-62.6400813218742,Nb,SW,0.145025,1925.44,,,5477422099543150592,504.056493668921,1.9554,3.299,-3.46,12.408647,3.8962509297395176,12.348676,12.377296,8845.75,Catacalysmic Variables
0.406128,154.9858403621515,-8.6989916139061,3769067109159364608,154.98584036215,-8.69899161391,251.87355286127848,38.71748973686415,4.481879587039058,3.876116343710424,10.618815,0.08337402,0.000668127835871779,-19.23885848350912,-16.44363755510593,1.0883102,7.635158722199308,1,0,154.98584036215,-8.69899161391,154.9859267140951,-8.698917852418397,508,CATS,RW Sex,154.9859267140951,-8.6989178524184,NL,UX,0.24507,,K5/5,,3769067109159364608,235.046217132208,4.2282,-19.204,-16.601,10.631541,3.775774670088241,10.656143,10.578292,9442.0,Catacalysmic Variables
0.247992,7.524147336776,26.2906285967383,2807841432470056448,7.52414733678,26.29062859674,116.99189119176054,-36.3348546952996,1.387316595135448,5.559136878941819,14.848258,0.34587383,0.0365939932606769,-10.925923614128614,-10.921732368072895,1.0482821,10.792708156396646,1,0,7.52414733678,26.29062859674,7.5242014959236,26.2906774597011,651,CATS,PX And,7.5242014959236,26.2906774597011,NL,SW,0.146353,,,,2807841432470056448,792.859816945325,1.2323,-10.924,-10.992,14.849405,5.353422960693507,14.907579,14.605695,8730.0,Catacalysmic Variables
0.236462,282.2277045040991,0.5840846622921,4266547566124966912,282.2277045041,0.58408466229,33.163705687107345,0.8285894543671736,3.106420394183912,4.327885921658449,11.866585,0.17196465,0.0372288195330967,11.3373108228644,-9.520120141627029,1.0146501,7.718524152323745,1,0,282.2277045041,0.58408466229,282.2276537994968,0.5841264197088,379,CATS,V603 Aql,282.2276537994968,0.5841264197088,Na,SH,0.138201,,,,4266547566124966912,310.839712826855,3.1906,11.413,-9.384,11.838816,4.376133504700276,11.761259,11.649579,9191.0,Catacalysmic Variables
0.055475,346.1559520558185,49.4566163601527,1985702920142544896,346.15595205582,49.45661636015,105.68836796710922,-9.805422696190032,0.7229079155965026,3.731812453241689,14.436397,0.15213299,0.0152958313573159,2.385591341534636,-2.4378798433272326,1.0232044,7.100748572414901,1,0,346.15595205582,49.45661636015,346.1559358191443,49.45662758805341,807,CATS,OR And,346.1559358191443,49.4566275880534,NL,VY,0.1359,,,,1985702915838387712,1396.96166535606,0.6871,2.378,-2.531,14.430135,3.7042125569479065,14.436545,14.303895,9603.0,Catacalysmic Variables
0.362511,236.412830543377,14.3753893082775,1192697922589844352,236.41283054338,14.37538930828,24.481729902896177,47.562811564956505,0.2915003922542886,3.940869591396403,16.617674,0.24649811,0.0263725727604549,3.7104144630577087,-22.27456330361338,1.045824,13.386436107514893,1,0,236.41283054338,14.37538930828,236.4128132244125,14.3754885982953,951,CATS,CT Ser,236.4128132244125,14.3754885982953,N,,0.195,1948.0,,,1192697922589844352,3452.51083148587,0.2304,3.78,-22.338,16.634706,3.944030751223615,16.62221,16.440462,9172.5,Catacalysmic Variables
0.111024,25.4163603895784,6.2437727180368,2562420855079002624,25.41636038958,6.24377271804,144.77240749042394,-54.4841560567165,0.7918489448718602,4.597244228306645,15.1040325,0.120985985,-0.0044139967771184,4.390066279299647,5.442386868171166,0.95581704,9.327132794934112,1,0,25.41636038958,6.24377271804,25.416340920284004,6.243748706940798,686,CATS,0139+0559,25.416340920284,6.2437487069408,NL,UX,0.1692,,,,2562420855079002624,1243.01924355046,0.767,4.354,5.401,15.070915,4.598525739321605,15.065187,14.969864,9630.0,Catacalysmic Variables
0.060976,89.3499520771582,72.6979129916414,498467552119786112,89.34995207716,72.69791299164,141.0962584842182,21.932671534762765,0.560089634399998,4.833696810104872,16.09241,0.31754875,0.0058053210321604,-1.1322342722982637,3.648670294268365,0.9978842,9.002900769299039,1,0,89.34995207716,72.69791299164,89.34996739385382,72.6978966779215,1113,CATS,LS Cam,89.3499673938538,72.6978966779215,NL,IP,0.1425,,,,498467552119786112,1629.1225262703,0.5809,-1.027,3.667,16.100065,5.040296255922236,16.1622,15.858182,8630.0,Catacalysmic Variables
0.298733,135.7870414959613,41.2964658135301,816563275420608384,135.78704149596,41.29646581353,180.4715982975776,41.63583768664003,1.499659704388272,5.038603518872479,14.15864,0.08973122,0.0124835127805533,5.357458810829993,-17.877571209567474,0.92505723,10.513554593384267,1,0,135.78704149596,41.29646581353,135.78701010774884,41.2965453736444,1032,CATS,BP Lyn,135.7870101077488,41.2965453736444,NL,UX,0.152812,,,,816563275420608384,682.991587951354,1.4353,5.303,-17.904,14.173478,5.001401226312737,14.138066,14.084335,9575.0,Catacalysmic Variables
0.141104,287.0711239967201,39.6767679093204,2100480767163455360,287.07112399672,39.67676790932,70.66643491960289,13.934909721506584,1.0232346346401415,6.27465910273283,16.224783,-0.017782211,-0.0066090653843522,-7.237296866421783,-5.254597021294678,0.9789054,10.98236210613376,1,0,287.07112399672,39.67676790932,287.0711645579966,39.6767916095462,768,CATS,J1908+3940,287.0711645579966,39.6767916095462,AC,NL,0.012559,,,,2100480767163455360,1019.01403919085,0.9542,-7.019,-5.332,16.260927,6.220026162886832,16.197329,16.237808,8728.0,Catacalysmic Variables
0.02522,158.470321436048,58.781872111262,855119196836523008,158.47032143605,58.78187211126,150.2766267779006,50.40906283854378,1.6958475888317208,5.397445260736106,14.250512,0.31105518,0.0172077728358588,0.9735271282213862,1.3963446269915645,1.062982,5.405582268520467,1,0,158.47032143605,58.78187211126,158.4703129862234,58.781866643477706,1023,CATS,DW UMa,158.4703129862234,58.7818666434777,NL,SW,0.136607,,M3-9,,855119196836523008,577.184556062571,1.7039,0.981,1.226,14.141309,5.334735489993701,14.196277,13.908078,8900.0,Catacalysmic Variables
0.549691,146.7999966706666,51.902458543638,828036782335310848,146.79999667067,51.90245854364,164.2629896105786,47.72164833952416,2.8038608268726666,6.476498940212769,14.237718,0.27383518,-0.0415246753252485,33.65927999509973,-6.208538555568023,1.099944,11.909565965319128,1,0,146.79999667067,51.90245854364,146.7997533325623,51.90248634335009,1029,CATS,ER UMa,146.7997533325623,51.9024863433501,DN,SU,0.06366,,,,828036782335310848,369.743685766943,2.6763,33.785,-6.254,14.485629,6.646125169278596,14.549724,14.275995,8630.0,Catacalysmic Variables
0.721882,204.1703381940924,51.9138050636458,1559987685901122304,204.17033819409,51.91380506365,107.0308934610532,63.79508922782615,3.425213571208031,5.603820055366303,12.930383,0.25923824,0.0173854476393877,-41.61351598205117,17.179658892700928,1.0047315,11.19742266329984,1,0,204.17033819409,51.91380506365,204.1706389225319,51.9137289195173,901,CATS,UX UMa,204.1706389225319,51.9137289195173,NL,UX,0.196671,,M0-4/5,,1559987685901122304,295.069859747554,3.3602,-41.749,17.13,12.974959,5.625334748735908,13.002296,12.7384,9283.5,Catacalysmic Variables
0.408133,31.7211215774147,15.2948531861838,78395045917118976,31.72112157741,15.29485318618,148.5272901025693,-43.79542145537633,4.018322898027371,3.9332481094825145,10.913024,0.028440475,0.0323080006841254,-9.560474894108124,-23.72303486106904,1.1717079,7.952275553217545,1,0,31.72112157741,15.29485318618,31.721165694950407,15.294958266549804,1194,CATS,TT Ari,31.7211656949504,15.2949582665498,VY,SW,0.13755,,M3.5/5,,78395045917118976,255.66282636687,3.884,-9.57,-23.64,10.924923,3.88658507119767,10.93188,10.874409,9581.67,Catacalysmic Variables
0.041536,342.4455334075568,53.2888254854865,2002440098459791744,342.44553340756,53.28882548549,105.2370414055548,-5.351415506634568,0.3388260070572338,4.51252025521055,16.862637,0.3071518,0.0015422853093929,-1.7500186635741946,-1.65347384594227,1.0424731,8.77055881442523,1,0,342.44553340756,53.28882548549,342.4455478580994,53.28883313390109,802,CATS,DK Lac,342.4455478580994,53.2888331339011,Na,VY,0.1296,,,,2002440098459791744,2296.2150118907,0.4026,-1.945,-1.722,16.875956,5.070893240547864,16.919554,16.643032,9054.5,Catacalysmic Variables
0.24417,125.6501312601475,51.0901022957735,1028258463932870656,125.65013126015,51.09010229577,167.8070910751127,34.84467241519551,1.32863594804468,5.782667963419611,15.165639,0.4186344,0.0118994811268131,-9.476262043823304,-11.907166488848748,1.0052898,11.07739130643854,1,0,125.65013126015,51.09010229577,125.650198802733,51.09015521560271,979,CATS,BH Lyn,125.650198802733,51.0901552156027,NL,SW,0.155875,,,,1028258463932870656,765.929928582472,1.2767,-9.549,-11.906,15.403254,5.982308800805352,15.331536,14.994634,7052.0,Catacalysmic Variables
0.111167,78.4023986016559,77.4785202889861,552158697769217664,78.40239860166,77.47852028899,135.17146649170553,21.42313922896063,1.085954010123805,5.22563462052025,15.046577,0.35956573,0.0264946330709152,1.2821538884881634,-6.849241478209648,1.0648195,9.262185342836082,1,0,78.40239860166,77.47852028899,78.4023707877114,77.4785505742922,1104,CATS,0506+7725,78.4023707877114,77.4785505742922,NL,VY,0.1477,,,,552158697769217664,963.613229773139,1.0091,1.358,-6.817,15.187837,5.268323230281983,15.228159,14.847571,7242.0,Catacalysmic Variables
0.268745,86.9515781312299,28.5864175572384,3443331944709730176,86.95157813123,28.58641755724,180.54766183867548,0.2279975604199011,1.73042753912117,6.84160212785053,15.650835,0.4879675,0.0363447114943473,15.504116331064658,-6.549178890698441,1.029397,11.781334094319512,1,0,86.95157813123,28.58641755724,86.9514999115566,28.586446802513706,544,CATS,FS Aur,86.9514999115566,28.5864468025137,DN,SU,0.059581,,,,3443331944709730176,539.425317812119,1.829,15.457,-6.592,15.701598,7.041941369429916,15.719496,15.317519,7154.0,Catacalysmic Variables
0.320007,343.8249845464925,-3.1778507204143,2648391016419660032,343.82498454649,-3.17785072041,68.6721438943839,-53.342846776133854,2.1250337170218896,4.839061486890048,13.202233,0.11735344,0.0008903262712884885,9.552252071911385,-17.547619611078748,1.0418233,9.70511203731172,1,0,343.82498454649,-3.17785072041,343.8249417261584,-3.1777727869485,675,CATS,AO Psc,343.8249417261584,-3.1777727869485,NL,IP,0.149626,,,,2648391016419660032,487.92844832165,2.0214,9.614,-17.532,13.225354,4.7835732995910405,13.225721,13.125312,9673.25,Catacalysmic Variables
0.070261,103.7264512007044,32.1410709954437,889417190756323584,103.7264512007,32.14107099544,184.0182207857088,14.713654963951983,0.7163831504665555,5.464201467994366,16.188475,0.23505974,0.0233505587533771,-0.8452214135681062,-4.40835857276738,1.1237035,9.449055740036307,1,0,103.7264512007,32.14107099544,103.7264553718672,32.141090190209,1008,CATS,DN Gem,103.7264553718672,32.141090190209,Na,,0.127844,,,,889417190756323584,1318.10465712851,0.7288,-0.794,-4.323,16.176027,5.576277527583654,16.167572,15.980758,9191.0,Catacalysmic Variables
1.596144,123.828839582934,-49.2228322107463,5515820034889610112,123.82883958293,-49.22283221075,264.9296146314408,-7.89039909267175,11.06737746640866,4.524605935929397,9.304382,0.071718216,-0.0100919844211455,-29.00242671853548,-95.26110817557064,0.97586524,9.29520388328965,1,0,123.82883958293,-49.22283221075,123.8290382067951,-49.2224082399358,177,CATS,IX Vel,123.8290382067951,-49.2224082399358,NL,UX,0.193927,,,,5515820034889610112,90.3266831592083,11.0421,-29.193,-95.409,9.321335,4.5422546849222805,9.343033,9.26988,9451.0,Catacalysmic Variables
0.098176,286.8178771107135,44.018825292719,2106069275529926272,286.81787711071,44.01882529272,74.71672598201172,15.823810780546998,2.010661429827871,4.1057755455878375,12.589081,0.06894779,-0.0505111430937239,1.2541157772236815,-6.177388502115701,1.2097623,6.5869574852277015,1,0,286.81787711071,44.01882529272,286.8178695733111,44.01885201964221,762,CATS,MV Lyr,286.8178695733111,44.0188520196422,NL,VY,0.132335,,M5/5,,2106069275529926272,492.740765273062,2.0021,1.217,-5.998,13.65072,5.1876275316254805,13.005927,12.56022,5095.63,Catacalysmic Variables
0.165961,248.9405383499563,11.4161023687668,4459185168703405568,248.94053834996,11.41610236877,27.78573513215196,35.24397395499251,0.8737475147475209,4.92726286669345,15.220332,0.15324402,0.0138988586141381,8.483415098564915,-5.891835689341889,1.0255004,10.290561577409736,1,0,248.94053834996,11.41610236877,248.94049994487403,11.416128978338,341,CATS,V849 Her,248.940499944874,11.416128978338,NL,,0.141,,,,4459185168703405568,1037.79996074086,0.9363,8.473,-5.986,15.272591,5.192022750350517,15.254069,15.145587,9545.67,Catacalysmic Variables
0.089835,10.230793238639,43.4165056814001,387544008745199360,10.23079323864,43.4165056814,120.90768161161188,-19.41391358210617,0.6108685691493502,4.5121745082783065,15.582437,0.10857868,0.0050013566226816,4.7714939659518345,-2.909182216842299,0.96599877,9.318882867635216,1,0,10.23079323864,43.4165056814,10.230763523344,43.416518204216494,1136,CATS,HV And,10.230763523344,43.4165182042165,NL,SH,0.05599,,,,387544008745199360,1475.80845561658,0.641,4.867,-2.817,15.776109,4.930959028509676,15.751016,15.64684,9512.0,Catacalysmic Variables
0.262848,31.663609585133,-2.0618983264408,2494281851762928512,31.66360958513,-2.06189832644,161.82270142268163,-59.1314120792348,1.9761726954063727,5.84489671928311,14.365771,0.26152992,0.0192113325539551,-6.220304389753006,-15.216570034417858,1.0054619,10.44513103654588,1,0,31.66360958513,-2.06189832644,31.6636369914796,-2.061830644734799,692,CATS,BO Cet,31.6636369914796,-2.0618306447348,NL,SW,0.1398,,,,2494281851762928512,512.518711774988,1.9225,-6.157,-15.224,14.372257,5.823708370655904,14.403414,14.175097,9248.75,Catacalysmic Variables
0.020404,118.6792062810925,50.1247443987109,934203971550630656,118.67920628109,50.12474439871,168.5665838429423,30.363878371067774,0.4963906906092274,5.960252555045699,17.481134,0.39060402,-0.0090358292831471,-0.6949036102926129,-0.9549895293711236,0.97039497,7.842489051419927,1,0,118.67920628109,50.12474439871,118.6792101064658,50.12474950825631,997,CATS,EV Lyn,118.6792101064658,50.1247495082563,NL,SW,0.14303,,,,934203971550630656,1447.97148494628,0.6029,-0.554,-1.159,17.5221,6.718299953306307,17.576944,17.157534,,Catacalysmic Variables
0.123146,355.0178532216634,30.2964712913238,2868074058126513280,355.01785322166,30.29647129132,105.12779513185023,-30.096025557335576,1.0138639460292522,3.87117265848714,13.841274,0.10970116,-0.0056901601131189,-5.710603750848238,-5.160292963133038,1.0007164,8.272804887737301,1,0,355.01785322166,30.29647129132,355.0178825106108,30.296494326166503,637,CATS,V378 Peg,355.0178825106108,30.2964943261665,NL,NS,0.13858,,,,2868074058126513280,917.052755594931,1.0615,-5.689,-5.18,13.877654,4.065682399050456,13.865816,13.771958,9610.33,Catacalysmic Variables
0.155578,108.1371284820007,-36.0940074379002,5590218008142683520,108.137128482,-36.0940074379,247.6821733511017,-11.681781360053003,1.2281861007791657,6.156039595325298,15.709719,0.29627037,-0.0166936931527208,0.842930987286342,9.739102947822072,0.9932596,10.66041666617451,1,0,108.137128482,-36.0940074379,108.1371244234408,-36.0940505294098,170,CATS,V348 Pup,108.1371244234408,-36.0940505294098,NL,SW,0.101839,,,,5590218008142683520,790.356299725295,1.2373,0.738,9.693,15.74913,6.260015403544697,15.817232,15.537398,8630.0,Catacalysmic Variables
0.597601,332.2739936208352,-3.7717457323092,2675351827511262720,332.27399362084,-3.77174573231,56.78185951818279,-44.78275483906206,3.8487025539816506,6.440682305438841,13.514111,0.50703144,-0.0117428653925093,-2.6498545060992704,-37.23643012676506,1.106535,11.374435278985118,1,0,332.27399362084,-3.77174573231,332.274004861639,-3.7715801113046,671,CATS,UU Aqr,332.274004861639,-3.7715801113046,NL,UX,0.163805,,K7-M0/5,,2675351827511262720,254.174456464974,3.9078,-2.516,-37.265,13.579434,6.553774482397737,13.715397,13.245435,7250.0,Catacalysmic Variables
0.00565,290.7288540000784,43.1514740774504,2126055476346353792,290.72885400008,43.15147407745,75.08625857211781,12.883139957228137,0.6096550437054631,6.132846926623554,17.207426,0.30485916,0.0405782008777713,-0.0014398865691851,-0.3538910919581677,0.9432797,4.951792202959275,1,0,290.72885400008,43.15147407745,290.7288552873142,43.15147533489661,751,CATS,J1922+4309,290.7288552873142,43.1514753348966,DN,SU,0.074606,,,,2126055476346353792,1306.79801464867,0.7407,-0.218,-0.277,17.213675,6.632632669987371,17.225685,16.95701,,Catacalysmic Variables
0.373457,82.2480982437204,-3.564551518413,3210749947983249408,82.24809824372,-3.56455151841,206.5264614625568,-19.940501528218835,2.8039480820564253,6.5208818527699925,14.282033,0.2715912,-0.0062864869767953,-22.495735114537258,-6.407948879960966,1.1114275,11.12723834759638,1,0,82.24809824372,-3.56455151841,82.2481982010735,-3.5645230805475,579,CATS,V1159 Ori,82.2481982010735,-3.5645230805475,DN,SU,0.062178,,,,3210749947983249408,348.140071650594,2.8442,-22.449,-6.405,13.98924,6.280469928175798,13.978612,13.84831,9542.5,Catacalysmic Variables
0.108215,284.0336311731379,45.6277888177545,2107209847044730112,284.03363117314,45.62778881775,75.52253438720422,18.251529268369048,0.9933686095578088,4.97058710349182,14.985034,0.14967728,0.0046124879682805,1.7470146637336104,-6.54388143191872,1.0259063,9.138962005867848,1,0,284.03363117314,45.62778881775,284.0336207168901,45.6278179744541,761,CATS,J1856+4537,284.0336207168901,45.6278179744541,DN,,0.16594,,M/5,DA,2107209847044730112,956.67076437764,1.017,1.642,-6.557,14.992578,5.088765488833651,14.990748,14.843295,9579.0,Catacalysmic Variables
0.038229,320.3605619312934,-54.0762959981673,6463668670854493952,320.36056193129,-54.07629599817,342.7731045750202,-43.403783277066296,1.8925670923261328,5.069815290274137,13.684559,0.15421104,0.024187003972242,0.3761024427051761,-2.4410704971267103,1.0272928,5.647933053807073,1,0,320.36056193129,-54.07629599817,320.3605587870695,-54.07628554044741,54,CATS,2117-5417,320.3605587870695,-54.0762855404474,NL,,0.1545,,,,6463668670854493952,529.24093091921,1.8612,0.414,-2.348,13.73696,5.118692876608783,13.816615,13.618939,8175.0,Catacalysmic Variables
0.098195,107.8905779524981,0.8684905954208,3114391428987853312,107.8905779525,0.86849059542,214.45557899531204,4.873227600325913,1.4005459884195304,3.705836845164381,12.974351,0.16042328,-0.0025465839018388,0.6199032048234927,-5.994411625504572,1.0896101,6.874632456155474,1,0,107.8905779525,0.86849059542,107.8905754007779,0.8685177522834,599,CATS,HQ Mon,107.8905754007779,0.8685177522834,NL,UX,0.316,,,,3114391428987853312,756.614767426968,1.2942,0.565,-6.115,13.010141,3.615766932521055,12.967929,12.847863,9421.0,Catacalysmic Variables
0.189369,250.9404059792878,34.0442654616515,1326482511724121344,250.94040597929,34.04426546165,55.92762450796113,40.17913622594406,2.120305848000502,4.022834993610596,12.390843,-0.053588867,-0.0029181887963656,0.0222787983835051,-12.084217997123384,0.9770043,7.801938997384012,1,0,250.94040597929,34.04426546165,250.9404054532738,34.0443180623406,928,CATS,V1084 Her,250.9404054532738,34.0443180623406,NL,SW,0.12056,,,,1326482511724121344,438.750664055408,2.2507,0.092,-11.819,12.370533,4.1594440660735525,12.279566,12.375009,9054.5,Catacalysmic Variables
0.216887,297.2770417895644,77.7397688536203,2291308397504739968,297.27704178956,77.73976885362,109.9736360618968,23.48618978777494,2.4942942285472967,6.457226812420259,14.472489,0.5112181,0.0469483437892588,-8.257700322453838,-10.711089053536435,1.3353598,10.12812390736456,1,0,297.27704178956,77.73976885362,297.2772153767188,77.73981650705221,709,CATS,AB Dra,297.2772153767188,77.7398165070522,DN,UG,0.152,,,,2291308397504739968,404.737612072563,2.4421,-8.291,-10.719,14.728468,6.692600174773636,14.863339,14.330164,7104.91,Catacalysmic Variables
0.135891,22.9994560721356,29.8227769066916,303221877895676672,22.99945607214,29.82277690669,133.33412678019656,-32.228392887198424,1.7571094504311229,6.480187233819628,15.256193,0.4158678,0.0144025337424407,7.569989961068344,-3.975143996570796,0.9597432,9.91608343542683,1,0,22.99945607214,29.82277690669,22.9994174715562,29.8227943248403,1161,CATS,TT Tri,22.9994174715562,29.8227943248403,NL,UX,0.139637,,,,303221877895676672,542.693550426268,1.8144,7.538,-3.923,15.433031,6.760257698541965,15.533579,15.077732,7416.0,Catacalysmic Variables
0.628165,292.8713724152884,45.9848629318511,2128235773544310400,292.87137241529,45.98486293185,78.3828720903641,12.733230897855211,2.899277500724696,4.986732358498461,12.675283,0.34385395,0.0231419759105366,-12.998385125405392,-37.10379759111921,1.1116457,10.648061261710438,1,0,292.87137241529,45.98486293185,292.8714558186131,45.985027517338985,748,CATS,J1931+4559,292.8714558186131,45.985027517339,NL,DN,0.2544,,,,2128235773544310400,347.985701110907,2.8449,-13.041,-37.014,12.739094,5.03128700521269,12.829762,12.494865,8542.0,Catacalysmic Variables
0.046456,291.0450199049751,44.9929928053431,2126637221076540544,291.04501990498,44.99299280534,76.89722853574557,13.460636819454956,0.3980939368991293,4.244203862690206,16.244276,0.13584137,0.0066441617154973,-2.508537491121791,-1.4720990340719573,1.0047807,8.562680770434882,1,0,291.04501990498,44.99299280534,291.0450354302238,44.9929995862679,749,CATS,J1924+4459,291.0450354302238,44.9929995862679,NL,SW,0.114379,,M/5,DA,2126637221076540544,2315.87452066872,0.4009,-2.467,-1.524,16.183027,4.3594518768332655,16.152885,16.05738,9545.67,Catacalysmic Variables
0.395601,357.5386855372656,-26.3813069363699,2337436792938619392,357.53868553727,-26.38130693637,32.57342769774771,-76.30751646776334,1.735375415878334,6.631903727163241,15.4349375,0.40906525,0.071131796633842,24.727194697753625,-0.210004956697094,1.0620103,12.400889022182874,1,0,357.53868553727,-26.38130693637,357.5385628771217,-26.38130607777269,705,CATS,VZ Scl,357.5385628771217,-26.3813060777727,NL,VY,0.144622,,,,2337436792938619392,551.697201336395,1.7852,24.718,-0.19,15.474529,6.766025095683871,15.53992,15.146586,7841.0,Catacalysmic Variables
0.180261,172.340283598477,-53.9288120028037,5348039989335089408,172.34028359848,-53.9288120028,290.930150836252,7.019343453300505,0.6458044653381361,4.959490355784684,15.908984,0.3636303,-0.0022380132117354,-10.430984895920409,4.553750404594751,0.997339,11.190012401478397,1,0,172.34028359848,-53.9288120028,172.34036150704614,-53.9288320783432,197,CATS,J1129-5355,172.3403615070461,-53.9288320783432,NL,,0.15355,,,,5348039989335089408,1435.43245450925,0.6706,-10.317,4.518,15.9778,5.192886193908027,16.047842,15.716459,8472.67,Catacalysmic Variables
0.026291,345.9444155810386,53.2874560128591,1996248233085177472,345.94441558104,53.28745601286,107.13527159985142,-6.25004179103173,1.0770981344415138,4.636541871345569,14.475266,0.2636776,-0.0012238066307939,1.019860774065478,-1.3829230025777384,1.0094669,5.650774192783395,1,0,345.94441558104,53.28745601286,345.9444085162015,53.2874619707826,805,CATS,V425 Cas,345.9444085162015,53.2874619707826,NL,VY,0.1496,,,,1996248233085177472,885.681248048586,1.1009,0.95,-1.34,14.56862,4.832232751293384,14.603387,14.352427,9164.67,Catacalysmic Variables
0.161661,354.4967563009709,43.1474699022657,1925596502097065344,354.49675630097,43.14746990227,108.96868636275248,-17.723933784416825,1.174059994990385,6.544866398113447,16.196415,0.5244837,0.0332983776005142,5.05944115231642,-8.709179843108805,1.0466745,11.212020910074818,1,0,354.49675630097,43.14746990227,354.4967244448436,43.1475083252675,819,CATS,J2337+4308,354.4967244448436,43.1475083252675,NL,VY,0.1605,,,,1925596502097065344,908.347451438924,1.0742,5.232,-8.64,16.178408,6.387147989887101,16.280176,15.79999,7176.0,Catacalysmic Variables
0.131637,190.2417671993464,-1.9886984136143,3683277061567168000,190.24176719935,-1.98869841361,297.5678328312033,60.773950196232,1.519741437356682,,19.570974,0.0566864,,-3.5010104188165205,-7.7371558930540285,0.9933171,14.216123431486864,0,1,190.24176719935,-1.98869841361,190.2417756991748,-1.9886628481357,518,CATS,J1240-0159,190.2417756991748,-1.9886628481357,AC,NL,0.025941,,,DB,3683277061567168000,587.351166150512,1.8569,-1.852,-8.006,19.62993,10.78544082322504,19.466904,19.401007,,Catacalysmic Variables
0.122377,335.1121804662113,2.014797097232,2679569936368095488,335.11218046621,2.01479709723,65.55572858181016,-43.41388976257405,1.724564190656752,4.617665771634103,13.434269,0.072776794,-0.0001001717827087134,-3.749101561764024,-6.617763407863912,1.0880377,7.840037710835549,1,0,335.11218046621,2.01479709723,335.1121974935001,2.0148265250458,670,CATS,HL Aqr,335.1121974935001,2.0148265250458,NL,UX,0.13557,,,,2679569936368095488,585.00718473067,1.6818,-3.835,-6.612,13.427714,4.59190800061711,13.397184,13.360736,9554.67,Catacalysmic Variables
0.19105,228.2595817499861,23.2523861682313,1263484034505616256,228.25958174999,23.25238616823,33.99292348398375,57.83755454323696,1.2146325550356445,6.5412965457769054,16.119072,0.3002758,0.0795083120292692,3.5844586593674053,11.396596542958005,1.0119491,11.505365843649605,1,0,228.25958174999,23.25238616823,228.25956402660373,23.2523356587361,936,CATS,NY Ser,228.2595640266037,23.2523356587361,DN,SU,0.0978,,,,1263484034505616256,756.725303669916,1.2941,3.659,11.369,16.075434,6.680742718423812,16.036448,15.81113,8583.0,Catacalysmic Variables
0.081535,334.480758906909,-8.3510229994105,2616360833953395456,334.48075890691,-8.35102299941,53.00022507476942,-49.15760203235196,1.8416470131891745,5.183743757032916,13.857713,0.33225822,0.2952406390415598,2.2763226309523,4.512378886155068,1.0094075,7.375900513071052,1,0,334.48075890691,-8.35102299941,334.480748468458,-8.3510431561513,680,CATS,FO Aqr,334.480748468458,-8.3510431561513,NL,IP,0.20206,,,,2616360833953395456,518.148931784858,1.9024,2.317,4.541,13.523223,4.950949964247624,13.558244,13.30033,9146.0,Catacalysmic Variables
0.1029,101.5817123173997,50.7636422329021,991644314411825536,101.5817123174,50.7636422329,165.19881011589368,19.91501951570344,0.651005406183955,4.562748338765967,15.494825,0.19635963,0.008493634920351,2.1348079721173376,-6.244182128097536,1.0286446,9.592226333756482,1,0,101.5817123174,50.7636422329,101.5816980107679,50.76366934592591,986,CATS,0642+5049,101.5816980107679,50.7636693459259,NL,UX,0.1569,,,,991644314411825536,1463.32368677144,0.6508,2.037,-6.102,15.471568,4.644865987179534,15.474991,15.327743,9584.5,Catacalysmic Variables
0.109397,140.0466844313869,33.9451280623471,702296666944246784,140.04668443139,33.94512806235,190.83396488212435,44.4969161455424,1.8957441024031547,5.881021218071556,14.492122,0.05676365,0.0025412779044242,1.7120538759737105,6.534754401892739,1.0193126,8.640347456774682,1,0,140.04668443139,33.94512806235,140.0466752390565,33.9450986466412,1059,CATS,BK Lyn,140.0466752390565,33.9450986466412,DN,ER,0.07498,,,,702296666944246784,498.113868031148,1.98,1.717,6.614,14.515869,6.029225834345908,14.484301,14.449418,9554.0,Catacalysmic Variables
0.365,147.9538337828172,34.1232256158538,795244943252669568,147.95383378282,34.12322561585,191.28760368572625,51.043324294918015,1.5126995131415564,5.963109649081362,15.064345,0.10380077,-0.0384312313638823,-4.848339264440237,-22.151065872987825,0.9870031,11.842125971329654,1,0,147.95383378282,34.12322561585,147.9538597729941,34.1233246957012,1036,CATS,RZ LMi,147.9538597729941,34.1233246957012,DN,SU,0.0584,,,,795244943252669568,711.832209286737,1.3757,-4.838,-22.295,15.215666,5.953777823730151,15.084531,15.065356,9516.75,Catacalysmic Variables
0.715108,76.9745826054094,-79.8562282276319,4622567476987430400,76.97458260541,-79.85622822763,292.2623493009045,-31.15030936499313,1.799499807665102,5.751003544947158,14.4752445,0.3460579,0.0553958659248905,21.468130726149067,39.25381066597006,1.1097196,12.728764867086236,1,0,76.97458260541,-79.85622822763,76.97404270717271,-79.85640263238041,298,CATS,AQ Men,76.9740427071727,-79.8564026323804,NL,NS,0.141471,,,,4622567476987430400,552.061997580704,1.7828,21.399,39.235,14.6573,5.947360737302745,14.786346,14.345254,7374.67,Catacalysmic Variables
0.872656,66.1715160910839,-20.1200330690064,5091939988633728640,66.17151609108,-20.12003306901,216.75678166193677,-41.00561681286268,5.332597883928711,5.386344036583949,11.75165,0.16440392,0.0317898471128479,49.677720482912896,-22.47454389250473,1.2062517,10.4346302695002,1,0,66.17151609108,-20.12003306901,66.1712808399864,-20.1199332422397,238,CATS,IM Eri,66.1712808399864,-20.1199332422397,NL,UX,0.145635,,,,5091939988633728640,190.127720474491,5.2311,49.697,-22.471,11.756255,5.361027793593957,11.732193,11.599147,9508.67,Catacalysmic Variables
0.680863,304.391137415184,-3.6642207259132,4222299752184927616,304.39113741518,-3.66422072591,39.697708434218775,-20.800369233446183,1.5277963634299083,5.746279889677865,14.825953,0.4683447,0.03246830748305,-40.13430224001505,-14.632375673806653,1.103439,12.979031551190085,1,0,304.39113741518,-3.66422072591,304.3913155127046,-3.6641560697781,389,CATS,V794 Aql,304.3913155127046,-3.6641560697781,NL,VY,0.1533,,,,4222299752184927616,640.86422631463,1.5337,-39.992,-14.545,14.664576,5.630745852469525,14.710203,14.362602,8349.5,Catacalysmic Variables
0.248075,165.072643286544,-29.8663726977082,5452961607957113216,165.07264328654,-29.86637269771,275.9202123709368,27.11135998682832,0.4272613488389774,3.7678555481958895,15.6143875,0.008366585,0.0032581843096246,-14.843513245038752,4.652705171842032,0.9844114,11.573825206548465,1,0,165.07264328654,-29.86637269771,165.0727192509935,-29.866392920987007,182,CATS,V393 Hya,165.0727192509935,-29.866392920987,NL,,0.135,,,,5452961607957113216,1995.83637799775,0.4614,-14.821,4.55,15.642499,4.1418743288841,15.585817,15.60374,9280.0,Catacalysmic Variables
0.183612,116.7311822001934,-9.57519100935,3040914949554883328,116.73118220019,-9.57519100935,227.89451797845695,7.732688456361345,2.276293295031535,5.361569104782239,13.575427,0.20691204,0.003854604543551,-3.8539395280182953,-10.86486650807872,1.0331773,8.884225434553748,1,0,116.73118220019,-9.57519100935,116.7311998914656,-9.5751430821368,614,CATS,J0746-0934,116.7311998914656,-9.5751430821368,DN,,0.1416,,,,3040914949554883328,430.592933439281,2.2942,-3.926,-10.783,13.589938,5.4196035088087005,13.60689,13.430865,9542.5,Catacalysmic Variables
0.122176,118.3782434001262,4.7654840973987,3095470964175509632,118.37824340013,4.7654840974,215.7722961330098,15.972661321160327,0.6729618819343612,4.563250209630869,15.423298,0.03584957,0.0359188061904536,-3.9698637312240734,-6.4647869443169474,1.0521512,9.823473244690682,1,0,118.37824340013,4.7654840974,118.37826152139267,4.7655128316696,604,CATS,J0753+0445,118.3782615213927,4.7655128316696,NL,VY,0.133,,,,3095470964175509632,1327.98295440052,0.7227,-4.069,-6.47,15.457022,4.841059497043718,15.376598,15.379645,9566.0,Catacalysmic Variables
0.044316,119.2213109633337,8.9754959929227,3146975005100167296,119.22131096333,8.97549599292,212.20831756928905,18.589205503855663,0.8982638965967699,6.65031096792651,16.883291,0.37150383,-0.0139388405908198,1.0406891156611733,-2.7127140507196428,1.0451183,9.199385467523117,1,0,119.22131096333,8.97549599292,119.22130730239432,8.9755077598002,590,CATS,J0756+0858,119.2213073023943,8.9755077598002,NL,UX,0.136974,,,,3146975005100167296,1150.8255186897,0.8384,0.808,-2.645,17.425577,7.120529582608391,17.254307,16.855743,,Catacalysmic Variables
0.137149,319.7080429385965,-64.4203901489586,6401799112903799168,319.7080429386,-64.42039014896,329.70837753148606,-39.92138434477685,1.534009138917114,5.651055933462327,14.721916,0.19999123,0.0367508294056735,6.493251489692317,-5.585860581545392,1.0433179,9.385626059641568,1,0,319.7080429386,-64.42039014896,319.7079759320837,-64.4203653622949,63,CATS,2114-6437,319.7079759320837,-64.4203653622949,CV,,0.1118,,,,6401799112903799168,638.072902182976,1.5394,6.505,-5.577,14.69952,5.675168493486492,14.705583,14.518122,9561.0,Catacalysmic Variables
0.533509,188.7277695061278,37.6289776437566,1519860699806445184,188.72776950613,37.62897764376,140.2335010056368,78.93817532286438,3.3106222901474616,6.658811403348077,14.059263,-0.28297424,0.009962143962686,30.868870531897254,12.431062978347123,1.0721161,11.670042484558737,1,0,188.72776950613,37.62897764376,188.7275958528009,37.62892243680001,906,CATS,AM CVn,188.7275958528009,37.6289224368,AC,NL,0.011907,,,,1519860699806445184,295.908408360283,3.3512,30.935,12.42,14.080565,6.72477847003006,13.901472,14.23653,8868.67,Catacalysmic Variables
0.285186,231.3824042961453,62.0166639538089,1616427198302006144,231.38240429615,62.01666395381,97.6429030274222,46.83458107339613,1.4491593488537038,5.968557933157317,15.162977,0.26912975,0.0456150004304911,-17.604288742051835,3.119030994007419,1.0251994,11.424627726128891,1,0,231.38240429615,62.01666395381,231.3825708792765,62.01665106837311,889,CATS,ES Dra,231.3825708792765,62.0166510683731,DN,ZC,0.1766,,M1-3/5,,1616427198302006144,663.017784078039,1.4796,-17.588,2.9,15.290639,6.183013111947679,15.317705,15.03083,9084.0,Catacalysmic Variables
0.460138,97.3914687521248,71.0766482572881,1112772429499375488,97.39146875212,71.07664825729,143.5955964286335,23.81821733218828,2.672029820445612,5.100085943574239,12.965879,0.23740196,0.0068413392730015,-2.290844456013056,-28.80545885341764,0.8940828,10.270098755272814,1,0,97.39146875212,71.07664825729,97.3914994107817,71.0767756860342,962,CATS,BZ Cam,97.3914994107817,71.0767756860342,NL,VY,0.15353,,,,1112772429499375488,368.113455108616,2.6882,-2.233,-28.677,12.928595,5.098686540685307,12.951661,12.741929,9515.0,Catacalysmic Variables
0.302321,123.2369200179956,19.1993216184999,669503831427966080,123.236920018,19.1993216185,203.77295167251663,26.27071303460649,1.263927998584292,6.590574257759457,16.081963,0.31309795,0.0325317311908019,4.868868138187988,-18.324717626806496,0.9741008,12.471213449742509,1,0,123.236920018,19.1993216185,123.2368973450994,19.19940282093649,1070,CATS,J0812+1911,123.2368973450994,19.1994028209365,NL,NS,0.160053,,,,669503831427966080,751.800273973356,1.3022,4.823,-18.272,16.075693,6.695180601776272,16.067848,15.813629,8630.0,Catacalysmic Variables
0.224662,323.9971673038769,5.4501673197614,2699396467479492480,323.99716730388,5.45016731976,60.00157514450146,-32.6523912237183,0.762193896844393,5.587283511261997,16.176956,0.43572712,0.0465837730639484,13.358010128480691,3.604596522259288,1.1221615,11.881978558899942,1,0,323.99716730388,5.45016731976,323.9971067153671,5.4501512992143,665,CATS,2133+0513,323.9971067153671,5.4501512992143,NL,VY,0.137,,,,2699396467479492480,1317.45184085669,0.7319,13.576,3.611,16.160505,5.561831256791368,16.232763,15.792194,7216.0,Catacalysmic Variables
0.393696,327.9914955047782,14.114731356125,1768858645653683200,327.99149550478,14.11473135612,70.71878950913796,-30.034643880045856,3.4300743532970523,4.561805909987978,11.885289,0.2206335,0.0144036487935417,19.641094657955698,-14.889584221347745,1.7360553,8.84410440093124,1,0,327.99149550478,14.11473135612,327.9914050009586,14.114796592494098,867,CATS,LS Peg,327.9914050009586,14.1147965924941,NL,IP,0.174774,,,,1768858645653683200,285.009904712533,3.4804,19.752,-14.659,12.313363,5.039063235268809,12.179566,12.05208,8583.0,Catacalysmic Variables
0.138477,333.9212012086365,55.6170186384607,2006109065688505472,333.92120120864,55.61701863846,102.14117570682605,-0.8374585651055232,0.8616172669734911,5.3370906148449535,15.660519,0.41708183,0.0151800941848654,-7.944739368204216,-3.441490884052203,1.0208262,10.347632314571092,1,0,333.92120120864,55.61701863846,333.9212636243138,55.6170340407105,801,CATS,CP Lac,333.9212636243138,55.6170340407105,Na,SW,0.145143,,,,2006109065688505472,1128.97729694124,0.8589,-7.925,-3.466,15.661593,5.398166956948584,15.753739,15.363328,8071.0,Catacalysmic Variables
0.259966,306.2371910500271,17.2983392080296,1815021160316471808,306.23719105003,17.29833920803,59.45439899532869,-11.62942301148397,2.513345552716919,5.876497524271404,13.875237,0.28752327,0.0173658364525028,-1.92578709953136,-16.089203403998344,1.068494,9.9233538596213,1,0,306.23719105003,17.29833920803,306.2371998888651,17.2984109258834,850,CATS,CM Del,306.2371998888651,17.2984109258834,NL,UX,0.162,,,,1815021160316471808,402.589731771118,2.4556,-1.898,-16.133,13.901773,5.877459530893201,13.938874,13.681528,9130.0,Catacalysmic Variables
0.502877,233.9710000378098,-14.2201167312705,6265476408553544320,233.97100003781,-14.22011673127,352.055874811945,32.54673416549443,3.567433049494912,6.3648789799934775,13.6031,-0.15307903,0.0051918319460653,-28.619027102541217,-12.814774532899095,1.1131917,11.084778649197998,1,0,233.97100003781,-14.22011673127,233.9711319612822,-14.220060525318,74,CATS,HP Lib,233.9711319612822,-14.220060525318,AC,NL,0.012763,,,,6265476408553544320,273.963559566696,3.6225,-28.775,-12.636,13.61782,6.429355998517975,13.490392,13.690776,8598.67,Catacalysmic Variables
0.131887,79.1111534659481,-0.2040040545058,3221553165121825536,79.11115346595,-0.20400405451,201.7785473206227,-21.10248292055453,1.2773086824212891,4.566017590411509,14.034539,0.14454174,0.0086996951183038,5.070230809126258,-6.724628561429301,1.0283765,8.66158044233452,1,0,79.11115346595,-0.20400405451,79.1111313247229,-0.2039748669339,575,CATS,V1193 Ori,79.1111313247229,-0.2039748669339,NL,UX,0.165001,,,,3221553165121825536,797.070394116132,1.2262,4.981,-6.567,14.013064,4.505580608664577,14.00144,13.902886,9567.75,Catacalysmic Variables
0.026941,273.5853558019695,41.8561376482848,2113091615775375232,273.58535580197,41.85613764828,69.18872226930291,24.2733200962772,0.7865866030171267,4.527249953780473,15.048517,0.110388756,0.0026424338212747,0.6349748445794298,1.611622973739752,1.078032,6.241509047547687,1,0,273.58535580197,41.85613764828,273.5853523341721,41.8561306245221,760,CATS,V533 Her,273.5853523341721,41.8561306245221,Na,DQ,0.147,1963.1,,,2113091615775375232,1164.71108838083,0.83,0.573,1.582,15.048981,4.717889949510422,15.019594,14.934114,9551.25,Catacalysmic Variables
0.096861,254.9653645328121,19.4626449253301,4561245342686490496,254.96536453281,19.46264492533,39.462866479783685,32.99115257678772,0.6224056478835617,6.002006723668849,17.03164,0.28541183,0.0214162900748944,2.608498683418418,-5.427427548540654,1.0255766,10.930245710555967,1,0,254.96536453281,19.46264492533,254.9653516319277,19.4626689245339,312,CATS,J1659+1927,254.9653516319277,19.4626689245339,NL,,0.141,,,,4561245342686490496,1573.27429318092,0.6099,2.744,-5.397,17.067375,6.083352767589448,17.09012,16.826775,9269.5,Catacalysmic Variables
0.267556,234.5003184569778,18.8675950487275,1209876314302933632,234.50031845698,18.86759504873,29.77747085295054,50.97121638341743,2.0279812154336936,6.425048185861115,14.889729,0.50642586,0.0583084956014099,-15.416296519209745,6.09334748759308,1.0052468,10.987235271577443,1,0,234.50031845698,18.86759504873,234.500391821286,18.8675685125617,944,CATS,LX Ser,234.500391821286,18.8675685125617,NL,VY,0.158432,,M2/5,,1209876314302933632,485.767459449934,2.0308,-15.63,5.969,14.963331,6.53118890519524,15.057342,14.554752,7103.86,Catacalysmic Variables
0.100892,157.0003273694672,21.8037423910006,721859001729641216,157.00032736947,21.803742391,214.2539699212,57.041413766278254,0.9736270105950934,6.414003244848011,16.47204,0.40871048,0.1100944422036216,-1.7576988557501645,-6.309556573572506,0.9389456,10.553183705843516,1,0,157.00032736947,21.803742391,157.0003357263251,21.8037693211538,1051,CATS,MV Leo,157.0003357263251,21.8037693211538,DN,ZC,0.1461,,,,721859001729641216,1047.48239948961,0.9062,-1.74,-6.057,16.833582,6.732848328055397,16.71049,16.379318,6876.0,Catacalysmic Variables
0.226294,112.8708048366069,9.9397456363251,3161562367602419328,112.87080483661,9.93974563633,208.47869125937424,13.362087194833586,1.1198567349540771,5.192688857093092,14.946876,0.19307423,-0.0070205138721892,-13.616168942127151,3.3469058055712395,1.1996313,10.680845448043554,1,0,112.87080483661,9.93974563633,112.8708667328052,9.939730328831304,588,CATS,BG CMi,112.8708667328052,9.9397303288313,NL,IP,0.134748,,,,3161562367602419328,966.172348147473,1.0074,-13.715,3.446,14.988342,5.063068980898368,15.042207,14.835138,9281.75,Catacalysmic Variables
0.293468,258.2340501781513,33.5219302328514,1334848936218459136,258.23405017815,33.52193023285,56.65904431066556,34.12381101708008,1.745505616391937,4.233245931712947,13.023641,-0.018393517,0.0146978658541132,2.4415504555362637,-18.237653052980704,1.0997458,9.347771047159284,1,0,258.23405017815,33.52193023285,258.2340360116683,33.5220108916942,926,CATS,V795 Her,258.2340360116683,33.5220108916942,NL,SH,0.108247,,,,1334848936218459136,579.763656252649,1.6969,2.666,-18.138,13.082255,4.266000064115524,12.992241,13.051884,8923.33,Catacalysmic Variables
0.23122,273.6242980939928,61.3928222834866,2158980729992107776,273.62429809399,61.39282228349,90.587910611605,27.950382649409487,1.2152432890009417,5.672351038726642,15.249036,0.22594929,0.0086449002616544,0.7890392969862386,-14.292782626926076,1.0728123,11.02792267069062,1,0,273.62429809399,61.39282228349,273.624290846905,61.39288641734301,737,CATS,1813+6122,273.624290846905,61.392886417343,NL,UX,0.148,,,,2158980729992107776,789.772055705504,1.2376,0.777,-14.431,15.223224,5.735715184268592,15.244294,15.049134,9522.75,Catacalysmic Variables
0.118562,112.838045038114,-10.3637530960735,3035322730338241792,112.83804503811,-10.36375309607,226.72458290892288,3.995083385546832,1.593139503175244,4.312179981903391,13.300912,0.048304558,-0.0035345544356302,2.20344417466913,-7.1173407007468885,0.8812347,7.661872392404472,1,0,112.83804503811,-10.36375309607,112.8380351548614,-10.3637216299668,618,CATS,KQ Mon,112.8380351548614,-10.3637216299668,NL,UX,0.128,,,,3035322730338241792,617.684704380637,1.5907,2.185,-7.081,13.239182,4.285347764440992,13.174676,13.178025,9532.0,Catacalysmic Variables
0.278213,38.9929713081721,80.4956651726933,568635875943206272,38.99297130817,80.49566517269,127.3312186055196,18.52939131012039,2.026111436726481,5.527380971083352,13.994065,0.31854725,0.0129296992164742,16.004874819971697,6.790324465873086,0.88909644,10.195032074145736,1,0,38.99297130817,80.49566517269,38.9925411652827,80.4956347146909,1101,CATS,0229+8016,38.9925411652827,80.4956347146909,NL,UX,0.16149,,,,568635875943206272,479.616878306153,2.0563,15.981,6.851,13.968455,5.5639827097441135,14.028994,13.742693,8777.75,Catacalysmic Variables
0.055957,76.7011912777097,83.3231414859428,570311497303401984,76.70119127771,83.32314148594,129.49329283749972,24.033604273464785,1.299735605219071,5.711349666215916,15.142075,0.37269878,-0.0041428998912216,0.4555805048967248,3.433321266060027,1.026227,7.839597667606771,1,0,76.70119127771,83.32314148594,76.7011717920964,83.3231261083103,1100,CATS,0455+8315,76.7011717920964,83.3231261083103,NL,VY,0.148724,,,,570311497303401984,764.843408828781,1.2788,0.511,3.456,15.070603,5.652740357845092,15.154319,14.854534,8733.33,Catacalysmic Variables
0.284132,30.2177289901999,-9.4088039529476,2462596293177188480,30.2177289902,-9.40880395295,168.9685610338235,-65.86319066524945,0.5606060382641925,5.542403083380727,16.799114,-0.29599,0.0197718837246123,17.668346314497832,-3.155917236858101,0.98304373,13.069193150490662,1,0,30.2177289902,-9.40880395295,30.217650192902003,-9.4087903093476,696,CATS,ES Cet,30.217650192902,-9.4087903093476,AC,NL,0.007178,,,,2462596293177188480,1502.10399389285,0.5961,17.486,-3.075,16.863888,5.98038799574587,16.663313,17.014439,8868.67,Catacalysmic Variables
0.238587,352.2518930875354,-29.7794657641646,2329317895999827840,352.25189308754,-29.77946576416,19.74457452615619,-71.7140078146153,1.640177333531042,4.646221836301622,13.571768,0.10116863,0.0361740749729657,-13.847933168928266,-6.005677448492444,0.86901885,9.4658113621697,1,0,352.25189308754,-29.77946576416,352.2519629738304,-29.77943906290829,706,CATS,VY Scl,352.2519629738304,-29.7794390629083,NL,VY,0.2323,,,,2329317895999827840,629.854572342789,1.5603,-13.648,-6.002,13.366957,4.370755567968867,13.333135,13.296433,9539.0,Catacalysmic Variables
